{"val/loss":0.7349098026752472,"epoch":10,"_step":169,"lr/group_0":9.4e-05,"train/loss":0.7423517107963562,"lr/group_1":0.00094,"_wandb":{"runtime":554},"_runtime":554,"steps":15360,"_timestamp":1.7521806088787825e+09}